{"accuracy": 0.7704320666319625, "precision": 0.7713512256263224, "recall": 0.7704320666319625, "f1_score": 0.7702585888985926, "export_date": "2024-12-04T21:07:14.065849", "model_type": "RandomForestClassifier"}